<?xml version="1.0" encoding="UTF-8"?>
<results version="2">
    <cppcheck version="1.79"/>
    <errors>
        <error id="compareBoolExpressionWithInt" severity="warning" msg="Comparison of a boolean expression with an integer." verbose="Comparison of a boolean expression with an integer." cwe="398">
            <location file="BB-027-GuiFacilities/FWQ/internal/library/Widgets/SUIListViewImpl.cpp" line="106"/>
        </error>
        <error id="compareBoolExpressionWithInt" severity="warning" msg="Comparison of a boolean expression with an integer." verbose="Comparison of a boolean expression with an integer." cwe="398">
            <location file="BB-027-GuiFacilities/FWQ/internal/library/Widgets/SUIListViewImpl.cpp" line="113"/>
        </error>
        <error id="compareBoolExpressionWithInt" severity="warning" msg="Comparison of a boolean expression with an integer." verbose="Comparison of a boolean expression with an integer." cwe="398">
            <location file="BB-027-GuiFacilities/FWQ/internal/library/Widgets/SUIListViewImpl.cpp" line="204"/>
        </error>
        <error id="postfixOperator" severity="performance" msg="Prefer prefix ++/-- operators for non-primitive types." verbose="Prefix ++/-- operators should be preferred for non-primitive types. Pre-increment/decrement can be more efficient than post-increment/decrement. Post-increment/decrement usually involves keeping a copy of the previous value around and adds a little extra code." cwe="398">
            <location file="BB-027-GuiFacilities/FWQ/internal/library/Widgets/SUITableWidgetImpl.cpp" line="395"/>
        </error>
        <error id="noCopyConstructor" severity="style" msg="class &apos;UserClass&apos; does not have a copy constructor which is recommended since the class contains a pointer to allocated memory." verbose="class &apos;UserClass&apos; does not have a copy constructor which is recommended since the class contains a pointer to allocated memory." cwe="398">
            <location file0="BB-027-GuiFacilities/FWQ/internal/test/DemoApplication/NMSP_UserClass.cpp" file="BB-027-GuiFacilities/FWQ/internal/test/DemoApplication/NMSP_UserClass.hpp" line="39"/>
        </error>
        <error id="unsafeClassCanLeak" severity="style" msg="Class &apos;PlotHistogramTest&apos; is unsafe, &apos;PlotHistogramTest::renderer&apos; can leak by wrong usage." verbose="The class &apos;PlotHistogramTest&apos; is unsafe, wrong usage can cause memory/resource leaks for &apos;PlotHistogramTest::renderer&apos;. This can for instance be fixed by adding proper cleanup in the destructor." cwe="398">
            <location file0="BB-027-GuiFacilities/FWQ/internal/test/UserTest/PlotHistogramItemTest.cpp" file="BB-027-GuiFacilities/FWQ/internal/test/UserTest/PlotHistogramItemTest.h" line="78"/>
        </error>
        <error id="unusedFunction" severity="style" msg="The function &apos;axisTests&apos; is never used." verbose="The function &apos;axisTests&apos; is never used." cwe="561">
            <location file="BB-027-GuiFacilities/FWQ/internal/test/UnitTest/SUIPlotWidgetUnitTest.cpp" line="62"/>
        </error>
        <error id="unusedFunction" severity="style" msg="The function &apos;cleanupTestCase&apos; is never used." verbose="The function &apos;cleanupTestCase&apos; is never used." cwe="561">
            <location file="BB-027-GuiFacilities/FWQ/internal/test/UnitTest/DialogUnitTest.cpp" line="14"/>
        </error>
        <error id="unusedFunction" severity="style" msg="The function &apos;colorPropertyTest&apos; is never used." verbose="The function &apos;colorPropertyTest&apos; is never used." cwe="561">
            <location file="BB-027-GuiFacilities/FWQ/internal/test/UnitTest/SUITableWidgetItemImplUnitTest.cpp" line="43"/>
        </error>
        <error id="unusedFunction" severity="style" msg="The function &apos;customColors&apos; is never used." verbose="The function &apos;customColors&apos; is never used." cwe="561">
            <location file="BB-027-GuiFacilities/FWQ/internal/test/UnitTest/SUIPlotWidgetUnitTest.cpp" line="179"/>
        </error>
        <error id="unusedFunction" severity="style" msg="The function &apos;fileDialogWithParent&apos; is never used." verbose="The function &apos;fileDialogWithParent&apos; is never used." cwe="561">
            <location file="BB-027-GuiFacilities/FWQ/internal/test/UnitTest/SUIFileDialogUnitTest.cpp" line="18"/>
        </error>
        <error id="unusedFunction" severity="style" msg="The function &apos;getResourceFile_data&apos; is never used." verbose="The function &apos;getResourceFile_data&apos; is never used." cwe="561">
            <location file="BB-027-GuiFacilities/FWQ/internal/test/UnitTest/SUIResourcePathUnitTest.cpp" line="64"/>
        </error>
        <error id="unusedFunction" severity="style" msg="The function &apos;gridTests&apos; is never used." verbose="The function &apos;gridTests&apos; is never used." cwe="561">
            <location file="BB-027-GuiFacilities/FWQ/internal/test/UnitTest/SUIPlotWidgetUnitTest.cpp" line="127"/>
        </error>
        <error id="unusedFunction" severity="style" msg="The function &apos;iconTest&apos; is never used." verbose="The function &apos;iconTest&apos; is never used." cwe="561">
            <location file="BB-027-GuiFacilities/FWQ/internal/test/UnitTest/SUITabPageUnitTest.cpp" line="14"/>
        </error>
        <error id="unusedFunction" severity="style" msg="The function &apos;initTestCase&apos; is never used." verbose="The function &apos;initTestCase&apos; is never used." cwe="561">
            <location file="BB-027-GuiFacilities/FWQ/internal/test/UnitTest/DropDownUnitTest.cpp" line="21"/>
        </error>
        <error id="unusedFunction" severity="style" msg="The function &apos;insertColumn&apos; is never used." verbose="The function &apos;insertColumn&apos; is never used." cwe="561">
            <location file="BB-027-GuiFacilities/FWQ/internal/test/UnitTest/SUITableWidgetUnitTest.cpp" line="52"/>
        </error>
        <error id="unusedFunction" severity="style" msg="The function &apos;interfaceTests&apos; is never used." verbose="The function &apos;interfaceTests&apos; is never used." cwe="561">
            <location file="BB-027-GuiFacilities/FWQ/internal/test/UnitTest/SUIObjectUnitTest.cpp" line="31"/>
        </error>
        <error id="unusedFunction" severity="style" msg="The function &apos;messageBoxWithParent&apos; is never used." verbose="The function &apos;messageBoxWithParent&apos; is never used." cwe="561">
            <location file="BB-027-GuiFacilities/FWQ/internal/test/UnitTest/SUIMessageBoxUnitTest.cpp" line="19"/>
        </error>
        <error id="unusedFunction" severity="style" msg="The function &apos;mouseCursor&apos; is never used." verbose="The function &apos;mouseCursor&apos; is never used." cwe="561">
            <location file="BB-027-GuiFacilities/FWQ/internal/test/UnitTest/SUIPlotWidgetUnitTest.cpp" line="223"/>
        </error>
        <error id="unusedFunction" severity="style" msg="The function &apos;onResetStyleSheetClicked&apos; is never used." verbose="The function &apos;onResetStyleSheetClicked&apos; is never used." cwe="561">
            <location file="BB-027-GuiFacilities/FWQ/internal/test/UserTest/testStyleSheet.cpp" line="24"/>
        </error>
        <error id="unusedFunction" severity="style" msg="The function &apos;onSetStyleSheetClicked&apos; is never used." verbose="The function &apos;onSetStyleSheetClicked&apos; is never used." cwe="561">
            <location file="BB-027-GuiFacilities/FWQ/internal/test/UserTest/testStyleSheet.cpp" line="14"/>
        </error>
        <error id="unusedFunction" severity="style" msg="The function &apos;removeColumn&apos; is never used." verbose="The function &apos;removeColumn&apos; is never used." cwe="561">
            <location file="BB-027-GuiFacilities/FWQ/internal/test/UnitTest/SUITableWidgetUnitTest.cpp" line="58"/>
        </error>
        <error id="unusedFunction" severity="style" msg="The function &apos;setAxisAutoScale_data&apos; is never used." verbose="The function &apos;setAxisAutoScale_data&apos; is never used." cwe="561">
            <location file="BB-027-GuiFacilities/FWQ/internal/test/UnitTest/SUIPlotWidgetUnitTest.cpp" line="288"/>
        </error>
        <error id="unusedFunction" severity="style" msg="The function &apos;setColorRed&apos; is never used." verbose="The function &apos;setColorRed&apos; is never used." cwe="561">
            <location file="BB-027-GuiFacilities/FWQ/internal/test/UnitTest/SUIGraphicsLineItemUnitTest.cpp" line="19"/>
        </error>
        <error id="unusedFunction" severity="style" msg="The function &apos;setFontSize_data&apos; is never used." verbose="The function &apos;setFontSize_data&apos; is never used." cwe="561">
            <location file="BB-027-GuiFacilities/FWQ/internal/test/UnitTest/SUIPlotWidgetUnitTest.cpp" line="267"/>
        </error>
        <error id="unusedFunction" severity="style" msg="The function &apos;setGeometry_data&apos; is never used." verbose="The function &apos;setGeometry_data&apos; is never used." cwe="561">
            <location file="BB-027-GuiFacilities/FWQ/internal/test/UnitTest/SUIWidgetUnitTest.cpp" line="104"/>
        </error>
        <error id="unusedFunction" severity="style" msg="The function &apos;setImage_data&apos; is never used." verbose="The function &apos;setImage_data&apos; is never used." cwe="561">
            <location file="BB-027-GuiFacilities/FWQ/internal/test/UnitTest/SUIImageWidgetUnitTest.cpp" line="30"/>
        </error>
        <error id="unusedFunction" severity="style" msg="The function &apos;setLegendPosition&apos; is never used." verbose="The function &apos;setLegendPosition&apos; is never used." cwe="561">
            <location file="BB-027-GuiFacilities/FWQ/internal/test/UnitTest/SUIPlotWidgetUnitTest.cpp" line="301"/>
        </error>
        <error id="unusedFunction" severity="style" msg="The function &apos;setPenColorRed&apos; is never used." verbose="The function &apos;setPenColorRed&apos; is never used." cwe="561">
            <location file="BB-027-GuiFacilities/FWQ/internal/test/UnitTest/SUIGraphicsLineItemUnitTest.cpp" line="24"/>
        </error>
        <error id="unusedFunction" severity="style" msg="The function &apos;setPlaceHolderText_data&apos; is never used." verbose="The function &apos;setPlaceHolderText_data&apos; is never used." cwe="561">
            <location file="BB-027-GuiFacilities/FWQ/internal/test/UnitTest/SUILineEditUnitTest.cpp" line="82"/>
        </error>
        <error id="unusedFunction" severity="style" msg="The function &apos;setResourcePath_data&apos; is never used." verbose="The function &apos;setResourcePath_data&apos; is never used." cwe="561">
            <location file="BB-027-GuiFacilities/FWQ/internal/test/UnitTest/SUIResourcePathUnitTest.cpp" line="20"/>
        </error>
        <error id="unusedFunction" severity="style" msg="The function &apos;setUIFile&apos; is never used." verbose="The function &apos;setUIFile&apos; is never used." cwe="561">
            <location file="BB-027-GuiFacilities/FWQ/internal/test/UnitTest/SUIContainerImplUnitTest.cpp" line="24"/>
        </error>
        <error id="unusedFunction" severity="style" msg="The function &apos;setupSUIContainer&apos; is never used." verbose="The function &apos;setupSUIContainer&apos; is never used." cwe="561">
            <location file="BB-027-GuiFacilities/FWQ/internal/test/DemoApplication/NMSP_MOC_UserClass.cpp" line="63"/>
        </error>
        <error id="unusedFunction" severity="style" msg="The function &apos;tabTest&apos; is never used." verbose="The function &apos;tabTest&apos; is never used." cwe="561">
            <location file="BB-027-GuiFacilities/FWQ/internal/test/UnitTest/SUITabPageUnitTest.cpp" line="29"/>
        </error>
        <error id="unusedFunction" severity="style" msg="The function &apos;testAddItemsCase1&apos; is never used." verbose="The function &apos;testAddItemsCase1&apos; is never used." cwe="561">
            <location file="BB-027-GuiFacilities/FWQ/internal/test/UnitTest/DropDownUnitTest.cpp" line="118"/>
        </error>
        <error id="unusedFunction" severity="style" msg="The function &apos;testAddItemsCase1_data&apos; is never used." verbose="The function &apos;testAddItemsCase1_data&apos; is never used." cwe="561">
            <location file="BB-027-GuiFacilities/FWQ/internal/test/UnitTest/DropDownUnitTest.cpp" line="136"/>
        </error>
        <error id="unusedFunction" severity="style" msg="The function &apos;testAddItemsCase2&apos; is never used." verbose="The function &apos;testAddItemsCase2&apos; is never used." cwe="561">
            <location file="BB-027-GuiFacilities/FWQ/internal/test/UnitTest/DropDownUnitTest.cpp" line="411"/>
        </error>
        <error id="unusedFunction" severity="style" msg="The function &apos;testAddItemsCase2_data&apos; is never used." verbose="The function &apos;testAddItemsCase2_data&apos; is never used." cwe="561">
            <location file="BB-027-GuiFacilities/FWQ/internal/test/UnitTest/DropDownUnitTest.cpp" line="429"/>
        </error>
        <error id="unusedFunction" severity="style" msg="The function &apos;testAddTabPageCase1&apos; is never used." verbose="The function &apos;testAddTabPageCase1&apos; is never used." cwe="561">
            <location file="BB-027-GuiFacilities/FWQ/internal/test/UnitTest/TabWidgetUnitTest.cpp" line="55"/>
        </error>
        <error id="unusedFunction" severity="style" msg="The function &apos;testAddTabPageCase1_data&apos; is never used." verbose="The function &apos;testAddTabPageCase1_data&apos; is never used." cwe="561">
            <location file="BB-027-GuiFacilities/FWQ/internal/test/UnitTest/TabWidgetUnitTest.cpp" line="69"/>
        </error>
        <error id="unusedFunction" severity="style" msg="The function &apos;testAddTreeItemCase1&apos; is never used." verbose="The function &apos;testAddTreeItemCase1&apos; is never used." cwe="561">
            <location file="BB-027-GuiFacilities/FWQ/internal/test/UnitTest/TreeViewUnitTest.cpp" line="84"/>
        </error>
        <error id="unusedFunction" severity="style" msg="The function &apos;testAddTreeItemCase1_data&apos; is never used." verbose="The function &apos;testAddTreeItemCase1_data&apos; is never used." cwe="561">
            <location file="BB-027-GuiFacilities/FWQ/internal/test/UnitTest/TreeViewUnitTest.cpp" line="92"/>
        </error>
        <error id="unusedFunction" severity="style" msg="The function &apos;testAddTreeItemCase2&apos; is never used." verbose="The function &apos;testAddTreeItemCase2&apos; is never used." cwe="561">
            <location file="BB-027-GuiFacilities/FWQ/internal/test/UnitTest/TreeViewUnitTest.cpp" line="98"/>
        </error>
        <error id="unusedFunction" severity="style" msg="The function &apos;testAddTreeItemCase2_data&apos; is never used." verbose="The function &apos;testAddTreeItemCase2_data&apos; is never used." cwe="561">
            <location file="BB-027-GuiFacilities/FWQ/internal/test/UnitTest/TreeViewUnitTest.cpp" line="106"/>
        </error>
        <error id="unusedFunction" severity="style" msg="The function &apos;testBGColorCase1&apos; is never used." verbose="The function &apos;testBGColorCase1&apos; is never used." cwe="561">
            <location file="BB-027-GuiFacilities/FWQ/internal/test/UnitTest/DropDownUnitTest.cpp" line="232"/>
        </error>
        <error id="unusedFunction" severity="style" msg="The function &apos;testBGColorCase1_data&apos; is never used." verbose="The function &apos;testBGColorCase1_data&apos; is never used." cwe="561">
            <location file="BB-027-GuiFacilities/FWQ/internal/test/UnitTest/DropDownUnitTest.cpp" line="239"/>
        </error>
        <error id="unusedFunction" severity="style" msg="The function &apos;testBGColorCase2&apos; is never used." verbose="The function &apos;testBGColorCase2&apos; is never used." cwe="561">
            <location file="BB-027-GuiFacilities/FWQ/internal/test/UnitTest/DropDownUnitTest.cpp" line="470"/>
        </error>
        <error id="unusedFunction" severity="style" msg="The function &apos;testBGColorCase2_data&apos; is never used." verbose="The function &apos;testBGColorCase2_data&apos; is never used." cwe="561">
            <location file="BB-027-GuiFacilities/FWQ/internal/test/UnitTest/DropDownUnitTest.cpp" line="477"/>
        </error>
        <error id="unusedFunction" severity="style" msg="The function &apos;testCheckGroupBoxCase&apos; is never used." verbose="The function &apos;testCheckGroupBoxCase&apos; is never used." cwe="561">
            <location file="BB-027-GuiFacilities/FWQ/internal/test/UnitTest/ICheckableUnitTest.cpp" line="29"/>
        </error>
        <error id="unusedFunction" severity="style" msg="The function &apos;testCheckboxCase&apos; is never used." verbose="The function &apos;testCheckboxCase&apos; is never used." cwe="561">
            <location file="BB-027-GuiFacilities/FWQ/internal/test/UnitTest/ICheckableUnitTest.cpp" line="16"/>
        </error>
        <error id="unusedFunction" severity="style" msg="The function &apos;testClearItemsCase1&apos; is never used." verbose="The function &apos;testClearItemsCase1&apos; is never used." cwe="561">
            <location file="BB-027-GuiFacilities/FWQ/internal/test/UnitTest/DropDownUnitTest.cpp" line="484"/>
        </error>
        <error id="unusedFunction" severity="style" msg="The function &apos;testClearItemsCase1_data&apos; is never used." verbose="The function &apos;testClearItemsCase1_data&apos; is never used." cwe="561">
            <location file="BB-027-GuiFacilities/FWQ/internal/test/UnitTest/DropDownUnitTest.cpp" line="496"/>
        </error>
        <error id="unusedFunction" severity="style" msg="The function &apos;testClearItemsCase2&apos; is never used." verbose="The function &apos;testClearItemsCase2&apos; is never used." cwe="561">
            <location file="BB-027-GuiFacilities/FWQ/internal/test/UnitTest/DropDownUnitTest.cpp" line="288"/>
        </error>
        <error id="unusedFunction" severity="style" msg="The function &apos;testClearItemsCase2_data&apos; is never used." verbose="The function &apos;testClearItemsCase2_data&apos; is never used." cwe="561">
            <location file="BB-027-GuiFacilities/FWQ/internal/test/UnitTest/DropDownUnitTest.cpp" line="295"/>
        </error>
        <error id="unusedFunction" severity="style" msg="The function &apos;testClearTextCase1&apos; is never used." verbose="The function &apos;testClearTextCase1&apos; is never used." cwe="561">
            <location file="BB-027-GuiFacilities/FWQ/internal/test/UnitTest/ITextUnitTest.cpp" line="151"/>
        </error>
        <error id="unusedFunction" severity="style" msg="The function &apos;testClearTextCase1_data&apos; is never used." verbose="The function &apos;testClearTextCase1_data&apos; is never used." cwe="561">
            <location file="BB-027-GuiFacilities/FWQ/internal/test/UnitTest/ITextUnitTest.cpp" line="188"/>
        </error>
        <error id="unusedFunction" severity="style" msg="The function &apos;testClearTextCase2&apos; is never used." verbose="The function &apos;testClearTextCase2&apos; is never used." cwe="561">
            <location file="BB-027-GuiFacilities/FWQ/internal/test/UnitTest/DropDownUnitTest.cpp" line="105"/>
        </error>
        <error id="unusedFunction" severity="style" msg="The function &apos;testClearTextCase2_data&apos; is never used." verbose="The function &apos;testClearTextCase2_data&apos; is never used." cwe="561">
            <location file="BB-027-GuiFacilities/FWQ/internal/test/UnitTest/DropDownUnitTest.cpp" line="112"/>
        </error>
        <error id="unusedFunction" severity="style" msg="The function &apos;testColorCase1&apos; is never used." verbose="The function &apos;testColorCase1&apos; is never used." cwe="561">
            <location file="BB-027-GuiFacilities/FWQ/internal/test/UnitTest/DropDownUnitTest.cpp" line="218"/>
        </error>
        <error id="unusedFunction" severity="style" msg="The function &apos;testColorCase1_data&apos; is never used." verbose="The function &apos;testColorCase1_data&apos; is never used." cwe="561">
            <location file="BB-027-GuiFacilities/FWQ/internal/test/UnitTest/DropDownUnitTest.cpp" line="225"/>
        </error>
        <error id="unusedFunction" severity="style" msg="The function &apos;testColorCase2&apos; is never used." verbose="The function &apos;testColorCase2&apos; is never used." cwe="561">
            <location file="BB-027-GuiFacilities/FWQ/internal/test/UnitTest/DropDownUnitTest.cpp" line="456"/>
        </error>
        <error id="unusedFunction" severity="style" msg="The function &apos;testColorCase2_data&apos; is never used." verbose="The function &apos;testColorCase2_data&apos; is never used." cwe="561">
            <location file="BB-027-GuiFacilities/FWQ/internal/test/UnitTest/DropDownUnitTest.cpp" line="463"/>
        </error>
        <error id="unusedFunction" severity="style" msg="The function &apos;testDisableHeader&apos; is never used." verbose="The function &apos;testDisableHeader&apos; is never used." cwe="561">
            <location file="BB-027-GuiFacilities/FWQ/internal/test/UnitTest/SUITreeViewUnitTest.cpp" line="33"/>
        </error>
        <error id="unusedFunction" severity="style" msg="The function &apos;testDisablePercentageCase1&apos; is never used." verbose="The function &apos;testDisablePercentageCase1&apos; is never used." cwe="561">
            <location file="BB-027-GuiFacilities/FWQ/internal/test/UnitTest/ProgressBarUnitTest.cpp" line="125"/>
        </error>
        <error id="unusedFunction" severity="style" msg="The function &apos;testDisablePercentageCase1_data&apos; is never used." verbose="The function &apos;testDisablePercentageCase1_data&apos; is never used." cwe="561">
            <location file="BB-027-GuiFacilities/FWQ/internal/test/UnitTest/ProgressBarUnitTest.cpp" line="132"/>
        </error>
        <error id="unusedFunction" severity="style" msg="The function &apos;testDisablePercentageCase2&apos; is never used." verbose="The function &apos;testDisablePercentageCase2&apos; is never used." cwe="561">
            <location file="BB-027-GuiFacilities/FWQ/internal/test/UnitTest/ProgressBarUnitTest.cpp" line="229"/>
        </error>
        <error id="unusedFunction" severity="style" msg="The function &apos;testDisablePercentageCase2_data&apos; is never used." verbose="The function &apos;testDisablePercentageCase2_data&apos; is never used." cwe="561">
            <location file="BB-027-GuiFacilities/FWQ/internal/test/UnitTest/ProgressBarUnitTest.cpp" line="236"/>
        </error>
        <error id="unusedFunction" severity="style" msg="The function &apos;testEnabledCase1&apos; is never used." verbose="The function &apos;testEnabledCase1&apos; is never used." cwe="561">
            <location file="BB-027-GuiFacilities/FWQ/internal/test/UnitTest/DropDownUnitTest.cpp" line="348"/>
        </error>
        <error id="unusedFunction" severity="style" msg="The function &apos;testEnabledCase1_data&apos; is never used." verbose="The function &apos;testEnabledCase1_data&apos; is never used." cwe="561">
            <location file="BB-027-GuiFacilities/FWQ/internal/test/UnitTest/DropDownUnitTest.cpp" line="355"/>
        </error>
        <error id="unusedFunction" severity="style" msg="The function &apos;testEnabledCase2&apos; is never used." verbose="The function &apos;testEnabledCase2&apos; is never used." cwe="561">
            <location file="BB-027-GuiFacilities/FWQ/internal/test/UnitTest/DropDownUnitTest.cpp" line="46"/>
        </error>
        <error id="unusedFunction" severity="style" msg="The function &apos;testEnabledCase2_data&apos; is never used." verbose="The function &apos;testEnabledCase2_data&apos; is never used." cwe="561">
            <location file="BB-027-GuiFacilities/FWQ/internal/test/UnitTest/DropDownUnitTest.cpp" line="53"/>
        </error>
        <error id="unusedFunction" severity="style" msg="The function &apos;testFloat&apos; is never used." verbose="The function &apos;testFloat&apos; is never used." cwe="561">
            <location file="BB-027-GuiFacilities/FWQ/internal/test/UnitTest/SUIINumericUnitTest.cpp" line="73"/>
        </error>
        <error id="unusedFunction" severity="style" msg="The function &apos;testFromString&apos; is never used." verbose="The function &apos;testFromString&apos; is never used." cwe="561">
            <location file="BB-027-GuiFacilities/FWQ/internal/test/UnitTest/SUIDragModeEnumUnitTest.cpp" line="21"/>
        </error>
        <error id="unusedFunction" severity="style" msg="The function &apos;testGetColorsCase1&apos; is never used." verbose="The function &apos;testGetColorsCase1&apos; is never used." cwe="561">
            <location file="BB-027-GuiFacilities/FWQ/internal/test/UnitTest/DropDownUnitTest.cpp" line="205"/>
        </error>
        <error id="unusedFunction" severity="style" msg="The function &apos;testGetColorsCase1_data&apos; is never used." verbose="The function &apos;testGetColorsCase1_data&apos; is never used." cwe="561">
            <location file="BB-027-GuiFacilities/FWQ/internal/test/UnitTest/DropDownUnitTest.cpp" line="212"/>
        </error>
        <error id="unusedFunction" severity="style" msg="The function &apos;testGetColorsCase2&apos; is never used." verbose="The function &apos;testGetColorsCase2&apos; is never used." cwe="561">
            <location file="BB-027-GuiFacilities/FWQ/internal/test/UnitTest/DropDownUnitTest.cpp" line="435"/>
        </error>
        <error id="unusedFunction" severity="style" msg="The function &apos;testGetColorsCase2_data&apos; is never used." verbose="The function &apos;testGetColorsCase2_data&apos; is never used." cwe="561">
            <location file="BB-027-GuiFacilities/FWQ/internal/test/UnitTest/DropDownUnitTest.cpp" line="450"/>
        </error>
        <error id="unusedFunction" severity="style" msg="The function &apos;testGetFileName&apos; is never used." verbose="The function &apos;testGetFileName&apos; is never used." cwe="561">
            <location file="BB-027-GuiFacilities/FWQ/internal/test/UnitTest/SUIDialogUnitTest.cpp" line="31"/>
        </error>
        <error id="unusedFunction" severity="style" msg="The function &apos;testGetFileName_data&apos; is never used." verbose="The function &apos;testGetFileName_data&apos; is never used." cwe="561">
            <location file="BB-027-GuiFacilities/FWQ/internal/test/UnitTest/SUIDialogUnitTest.cpp" line="38"/>
        </error>
        <error id="unusedFunction" severity="style" msg="The function &apos;testGetObjectList&apos; is never used." verbose="The function &apos;testGetObjectList&apos; is never used." cwe="561">
            <location file="BB-027-GuiFacilities/FWQ/internal/test/UnitTest/SUIDialogUnitTest.cpp" line="60"/>
        </error>
        <error id="unusedFunction" severity="style" msg="The function &apos;testGetOrientationChangeCase1&apos; is never used." verbose="The function &apos;testGetOrientationChangeCase1&apos; is never used." cwe="561">
            <location file="BB-027-GuiFacilities/FWQ/internal/test/UnitTest/ProgressBarUnitTest.cpp" line="166"/>
        </error>
        <error id="unusedFunction" severity="style" msg="The function &apos;testGetOrientationChangeCase1_data&apos; is never used." verbose="The function &apos;testGetOrientationChangeCase1_data&apos; is never used." cwe="561">
            <location file="BB-027-GuiFacilities/FWQ/internal/test/UnitTest/ProgressBarUnitTest.cpp" line="172"/>
        </error>
        <error id="unusedFunction" severity="style" msg="The function &apos;testGetOrientationChangeCase2&apos; is never used." verbose="The function &apos;testGetOrientationChangeCase2&apos; is never used." cwe="561">
            <location file="BB-027-GuiFacilities/FWQ/internal/test/UnitTest/ProgressBarUnitTest.cpp" line="319"/>
        </error>
        <error id="unusedFunction" severity="style" msg="The function &apos;testGetOrientationChangeCase2_data&apos; is never used." verbose="The function &apos;testGetOrientationChangeCase2_data&apos; is never used." cwe="561">
            <location file="BB-027-GuiFacilities/FWQ/internal/test/UnitTest/ProgressBarUnitTest.cpp" line="325"/>
        </error>
        <error id="unusedFunction" severity="style" msg="The function &apos;testGetOrientationList&apos; is never used." verbose="The function &apos;testGetOrientationList&apos; is never used." cwe="561">
            <location file="BB-027-GuiFacilities/FWQ/internal/test/UnitTest/SUIOrientationEnumUnitTest.cpp" line="33"/>
        </error>
        <error id="unusedFunction" severity="style" msg="The function &apos;testGetSelectedItemsCase1&apos; is never used." verbose="The function &apos;testGetSelectedItemsCase1&apos; is never used." cwe="561">
            <location file="BB-027-GuiFacilities/FWQ/internal/test/UnitTest/DropDownUnitTest.cpp" line="74"/>
        </error>
        <error id="unusedFunction" severity="style" msg="The function &apos;testGetSelectedItemsCase1_data&apos; is never used." verbose="The function &apos;testGetSelectedItemsCase1_data&apos; is never used." cwe="561">
            <location file="BB-027-GuiFacilities/FWQ/internal/test/UnitTest/DropDownUnitTest.cpp" line="85"/>
        </error>
        <error id="unusedFunction" severity="style" msg="The function &apos;testGetSelectedItemsCase2&apos; is never used." verbose="The function &apos;testGetSelectedItemsCase2&apos; is never used." cwe="561">
            <location file="BB-027-GuiFacilities/FWQ/internal/test/UnitTest/DropDownUnitTest.cpp" line="362"/>
        </error>
        <error id="unusedFunction" severity="style" msg="The function &apos;testGetSelectedItemsCase2_data&apos; is never used." verbose="The function &apos;testGetSelectedItemsCase2_data&apos; is never used." cwe="561">
            <location file="BB-027-GuiFacilities/FWQ/internal/test/UnitTest/DropDownUnitTest.cpp" line="373"/>
        </error>
        <error id="unusedFunction" severity="style" msg="The function &apos;testGetTextCase1&apos; is never used." verbose="The function &apos;testGetTextCase1&apos; is never used." cwe="561">
            <location file="BB-027-GuiFacilities/FWQ/internal/test/UnitTest/DropDownUnitTest.cpp" line="60"/>
        </error>
        <error id="unusedFunction" severity="style" msg="The function &apos;testGetTextCase1_data&apos; is never used." verbose="The function &apos;testGetTextCase1_data&apos; is never used." cwe="561">
            <location file="BB-027-GuiFacilities/FWQ/internal/test/UnitTest/DropDownUnitTest.cpp" line="68"/>
        </error>
        <error id="unusedFunction" severity="style" msg="The function &apos;testGetTextCase2&apos; is never used." verbose="The function &apos;testGetTextCase2&apos; is never used." cwe="561">
            <location file="BB-027-GuiFacilities/FWQ/internal/test/UnitTest/ProgressBarUnitTest.cpp" line="243"/>
        </error>
        <error id="unusedFunction" severity="style" msg="The function &apos;testGetTextCase2_data&apos; is never used." verbose="The function &apos;testGetTextCase2_data&apos; is never used." cwe="561">
            <location file="BB-027-GuiFacilities/FWQ/internal/test/UnitTest/ProgressBarUnitTest.cpp" line="250"/>
        </error>
        <error id="unusedFunction" severity="style" msg="The function &apos;testHandleChangeCase1&apos; is never used." verbose="The function &apos;testHandleChangeCase1&apos; is never used." cwe="561">
            <location file="BB-027-GuiFacilities/FWQ/internal/test/UnitTest/DropDownUnitTest.cpp" line="165"/>
        </error>
        <error id="unusedFunction" severity="style" msg="The function &apos;testHandleChangeCase1_data&apos; is never used." verbose="The function &apos;testHandleChangeCase1_data&apos; is never used." cwe="561">
            <location file="BB-027-GuiFacilities/FWQ/internal/test/UnitTest/DropDownUnitTest.cpp" line="180"/>
        </error>
        <error id="unusedFunction" severity="style" msg="The function &apos;testIAddTreeItemCase1&apos; is never used." verbose="The function &apos;testIAddTreeItemCase1&apos; is never used." cwe="561">
            <location file="BB-027-GuiFacilities/FWQ/internal/test/UnitTest/TreeViewUnitTest.cpp" line="232"/>
        </error>
        <error id="unusedFunction" severity="style" msg="The function &apos;testIAddTreeItemCase1_data&apos; is never used." verbose="The function &apos;testIAddTreeItemCase1_data&apos; is never used." cwe="561">
            <location file="BB-027-GuiFacilities/FWQ/internal/test/UnitTest/TreeViewUnitTest.cpp" line="239"/>
        </error>
        <error id="unusedFunction" severity="style" msg="The function &apos;testIAddTreeItemCase2&apos; is never used." verbose="The function &apos;testIAddTreeItemCase2&apos; is never used." cwe="561">
            <location file="BB-027-GuiFacilities/FWQ/internal/test/UnitTest/TreeViewUnitTest.cpp" line="245"/>
        </error>
        <error id="unusedFunction" severity="style" msg="The function &apos;testIAddTreeItemCase2_data&apos; is never used." verbose="The function &apos;testIAddTreeItemCase2_data&apos; is never used." cwe="561">
            <location file="BB-027-GuiFacilities/FWQ/internal/test/UnitTest/TreeViewUnitTest.cpp" line="253"/>
        </error>
        <error id="unusedFunction" severity="style" msg="The function &apos;testIRemoveTreeItemCase1&apos; is never used." verbose="The function &apos;testIRemoveTreeItemCase1&apos; is never used." cwe="561">
            <location file="BB-027-GuiFacilities/FWQ/internal/test/UnitTest/TreeViewUnitTest.cpp" line="260"/>
        </error>
        <error id="unusedFunction" severity="style" msg="The function &apos;testIRemoveTreeItemCase1_data&apos; is never used." verbose="The function &apos;testIRemoveTreeItemCase1_data&apos; is never used." cwe="561">
            <location file="BB-027-GuiFacilities/FWQ/internal/test/UnitTest/TreeViewUnitTest.cpp" line="280"/>
        </error>
        <error id="unusedFunction" severity="style" msg="The function &apos;testInterfaceFunctions&apos; is never used." verbose="The function &apos;testInterfaceFunctions&apos; is never used." cwe="561">
            <location file="BB-027-GuiFacilities/FWQ/internal/test/UnitTest/SUITabWidgetUnitTest.cpp" line="20"/>
        </error>
        <error id="unusedFunction" severity="style" msg="The function &apos;testIsLeafNode&apos; is never used." verbose="The function &apos;testIsLeafNode&apos; is never used." cwe="561">
            <location file="BB-027-GuiFacilities/FWQ/internal/test/UnitTest/TreeViewUnitTest.cpp" line="113"/>
        </error>
        <error id="unusedFunction" severity="style" msg="The function &apos;testIsLeafNode_data&apos; is never used." verbose="The function &apos;testIsLeafNode_data&apos; is never used." cwe="561">
            <location file="BB-027-GuiFacilities/FWQ/internal/test/UnitTest/TreeViewUnitTest.cpp" line="120"/>
        </error>
        <error id="unusedFunction" severity="style" msg="The function &apos;testQuit&apos; is never used." verbose="The function &apos;testQuit&apos; is never used." cwe="561">
            <location file="BB-027-GuiFacilities/FWQ/internal/test/UnitTest/SUIDialogUnitTest.cpp" line="44"/>
        </error>
        <error id="unusedFunction" severity="style" msg="The function &apos;testRadioButtonCase&apos; is never used." verbose="The function &apos;testRadioButtonCase&apos; is never used." cwe="561">
            <location file="BB-027-GuiFacilities/FWQ/internal/test/UnitTest/ICheckableUnitTest.cpp" line="42"/>
        </error>
        <error id="unusedFunction" severity="style" msg="The function &apos;testRemoveItemCase1&apos; is never used." verbose="The function &apos;testRemoveItemCase1&apos; is never used." cwe="561">
            <location file="BB-027-GuiFacilities/FWQ/internal/test/UnitTest/DropDownUnitTest.cpp" line="301"/>
        </error>
        <error id="unusedFunction" severity="style" msg="The function &apos;testRemoveItemCase1_data&apos; is never used." verbose="The function &apos;testRemoveItemCase1_data&apos; is never used." cwe="561">
            <location file="BB-027-GuiFacilities/FWQ/internal/test/UnitTest/DropDownUnitTest.cpp" line="327"/>
        </error>
        <error id="unusedFunction" severity="style" msg="The function &apos;testRemoveItemCase2&apos; is never used." verbose="The function &apos;testRemoveItemCase2&apos; is never used." cwe="561">
            <location file="BB-027-GuiFacilities/FWQ/internal/test/UnitTest/DropDownUnitTest.cpp" line="379"/>
        </error>
        <error id="unusedFunction" severity="style" msg="The function &apos;testRemoveItemCase2_data&apos; is never used." verbose="The function &apos;testRemoveItemCase2_data&apos; is never used." cwe="561">
            <location file="BB-027-GuiFacilities/FWQ/internal/test/UnitTest/DropDownUnitTest.cpp" line="404"/>
        </error>
        <error id="unusedFunction" severity="style" msg="The function &apos;testRemoveTreeItemCase1&apos; is never used." verbose="The function &apos;testRemoveTreeItemCase1&apos; is never used." cwe="561">
            <location file="BB-027-GuiFacilities/FWQ/internal/test/UnitTest/TreeViewUnitTest.cpp" line="128"/>
        </error>
        <error id="unusedFunction" severity="style" msg="The function &apos;testRemoveTreeItemCase1_data&apos; is never used." verbose="The function &apos;testRemoveTreeItemCase1_data&apos; is never used." cwe="561">
            <location file="BB-027-GuiFacilities/FWQ/internal/test/UnitTest/TreeViewUnitTest.cpp" line="148"/>
        </error>
        <error id="unusedFunction" severity="style" msg="The function &apos;testSelectItemCase1&apos; is never used." verbose="The function &apos;testSelectItemCase1&apos; is never used." cwe="561">
            <location file="BB-027-GuiFacilities/FWQ/internal/test/UnitTest/DropDownUnitTest.cpp" line="188"/>
        </error>
        <error id="unusedFunction" severity="style" msg="The function &apos;testSelectItemCase1_data&apos; is never used." verbose="The function &apos;testSelectItemCase1_data&apos; is never used." cwe="561">
            <location file="BB-027-GuiFacilities/FWQ/internal/test/UnitTest/DropDownUnitTest.cpp" line="198"/>
        </error>
        <error id="unusedFunction" severity="style" msg="The function &apos;testSetBoldCase1&apos; is never used." verbose="The function &apos;testSetBoldCase1&apos; is never used." cwe="561">
            <location file="BB-027-GuiFacilities/FWQ/internal/test/UnitTest/DropDownUnitTest.cpp" line="246"/>
        </error>
        <error id="unusedFunction" severity="style" msg="The function &apos;testSetBoldCase1_data&apos; is never used." verbose="The function &apos;testSetBoldCase1_data&apos; is never used." cwe="561">
            <location file="BB-027-GuiFacilities/FWQ/internal/test/UnitTest/DropDownUnitTest.cpp" line="254"/>
        </error>
        <error id="unusedFunction" severity="style" msg="The function &apos;testSetBoldCase2&apos; is never used." verbose="The function &apos;testSetBoldCase2&apos; is never used." cwe="561">
            <location file="BB-027-GuiFacilities/FWQ/internal/test/UnitTest/ProgressBarUnitTest.cpp" line="273"/>
        </error>
        <error id="unusedFunction" severity="style" msg="The function &apos;testSetBoldCase2_data&apos; is never used." verbose="The function &apos;testSetBoldCase2_data&apos; is never used." cwe="561">
            <location file="BB-027-GuiFacilities/FWQ/internal/test/UnitTest/ProgressBarUnitTest.cpp" line="281"/>
        </error>
        <error id="unusedFunction" severity="style" msg="The function &apos;testSetModal&apos; is never used." verbose="The function &apos;testSetModal&apos; is never used." cwe="561">
            <location file="BB-027-GuiFacilities/FWQ/internal/test/UnitTest/SUIDialogUnitTest.cpp" line="48"/>
        </error>
        <error id="unusedFunction" severity="style" msg="The function &apos;testSetModeCase1&apos; is never used." verbose="The function &apos;testSetModeCase1&apos; is never used." cwe="561">
            <location file="BB-027-GuiFacilities/FWQ/internal/test/UnitTest/DropDownUnitTest.cpp" line="142"/>
        </error>
        <error id="unusedFunction" severity="style" msg="The function &apos;testSetModeCase1_data&apos; is never used." verbose="The function &apos;testSetModeCase1_data&apos; is never used." cwe="561">
            <location file="BB-027-GuiFacilities/FWQ/internal/test/UnitTest/DropDownUnitTest.cpp" line="157"/>
        </error>
        <error id="unusedFunction" severity="style" msg="The function &apos;testSetModeCase2&apos; is never used." verbose="The function &apos;testSetModeCase2&apos; is never used." cwe="561">
            <location file="BB-027-GuiFacilities/FWQ/internal/test/UnitTest/DropDownUnitTest.cpp" line="502"/>
        </error>
        <error id="unusedFunction" severity="style" msg="The function &apos;testSetModeCase2_data&apos; is never used." verbose="The function &apos;testSetModeCase2_data&apos; is never used." cwe="561">
            <location file="BB-027-GuiFacilities/FWQ/internal/test/UnitTest/DropDownUnitTest.cpp" line="519"/>
        </error>
        <error id="unusedFunction" severity="style" msg="The function &apos;testSetTextCase1&apos; is never used." verbose="The function &apos;testSetTextCase1&apos; is never used." cwe="561">
            <location file="BB-027-GuiFacilities/FWQ/internal/test/UnitTest/ITextUnitTest.cpp" line="64"/>
        </error>
        <error id="unusedFunction" severity="style" msg="The function &apos;testSetTextCase1_data&apos; is never used." verbose="The function &apos;testSetTextCase1_data&apos; is never used." cwe="561">
            <location file="BB-027-GuiFacilities/FWQ/internal/test/UnitTest/ITextUnitTest.cpp" line="101"/>
        </error>
        <error id="unusedFunction" severity="style" msg="The function &apos;testSetTextCase2&apos; is never used." verbose="The function &apos;testSetTextCase2&apos; is never used." cwe="561">
            <location file="BB-027-GuiFacilities/FWQ/internal/test/UnitTest/DropDownUnitTest.cpp" line="91"/>
        </error>
        <error id="unusedFunction" severity="style" msg="The function &apos;testSetTextCase2_data&apos; is never used." verbose="The function &apos;testSetTextCase2_data&apos; is never used." cwe="561">
            <location file="BB-027-GuiFacilities/FWQ/internal/test/UnitTest/DropDownUnitTest.cpp" line="99"/>
        </error>
        <error id="unusedFunction" severity="style" msg="The function &apos;testSetTitleCase&apos; is never used." verbose="The function &apos;testSetTitleCase&apos; is never used." cwe="561">
            <location file="BB-027-GuiFacilities/FWQ/internal/test/UnitTest/IToolTipUnitTest.cpp" line="16"/>
        </error>
        <error id="unusedFunction" severity="style" msg="The function &apos;testSetTitleCase_data&apos; is never used." verbose="The function &apos;testSetTitleCase_data&apos; is never used." cwe="561">
            <location file="BB-027-GuiFacilities/FWQ/internal/test/UnitTest/IToolTipUnitTest.cpp" line="27"/>
        </error>
        <error id="unusedFunction" severity="style" msg="The function &apos;testSetWindowTitle&apos; is never used." verbose="The function &apos;testSetWindowTitle&apos; is never used." cwe="561">
            <location file="BB-027-GuiFacilities/FWQ/internal/test/UnitTest/SUIDialogUnitTest.cpp" line="18"/>
        </error>
        <error id="unusedFunction" severity="style" msg="The function &apos;testSetWindowTitle_data&apos; is never used." verbose="The function &apos;testSetWindowTitle_data&apos; is never used." cwe="561">
            <location file="BB-027-GuiFacilities/FWQ/internal/test/UnitTest/SUIDialogUnitTest.cpp" line="24"/>
        </error>
        <error id="unusedFunction" severity="style" msg="The function &apos;testTabPageTitleCase1&apos; is never used." verbose="The function &apos;testTabPageTitleCase1&apos; is never used." cwe="561">
            <location file="BB-027-GuiFacilities/FWQ/internal/test/UnitTest/TabWidgetUnitTest.cpp" line="93"/>
        </error>
        <error id="unusedFunction" severity="style" msg="The function &apos;testTabPageTitleCase1_data&apos; is never used." verbose="The function &apos;testTabPageTitleCase1_data&apos; is never used." cwe="561">
            <location file="BB-027-GuiFacilities/FWQ/internal/test/UnitTest/TabWidgetUnitTest.cpp" line="102"/>
        </error>
        <error id="unusedFunction" severity="style" msg="The function &apos;testTabPageTitleCase2&apos; is never used." verbose="The function &apos;testTabPageTitleCase2&apos; is never used." cwe="561">
            <location file="BB-027-GuiFacilities/FWQ/internal/test/UnitTest/TabWidgetUnitTest.cpp" line="109"/>
        </error>
        <error id="unusedFunction" severity="style" msg="The function &apos;testTabPageTitleCase2_data&apos; is never used." verbose="The function &apos;testTabPageTitleCase2_data&apos; is never used." cwe="561">
            <location file="BB-027-GuiFacilities/FWQ/internal/test/UnitTest/TabWidgetUnitTest.cpp" line="119"/>
        </error>
        <error id="unusedFunction" severity="style" msg="The function &apos;testTabPageTitleCase3&apos; is never used." verbose="The function &apos;testTabPageTitleCase3&apos; is never used." cwe="561">
            <location file="BB-027-GuiFacilities/FWQ/internal/test/UnitTest/TabWidgetUnitTest.cpp" line="194"/>
        </error>
        <error id="unusedFunction" severity="style" msg="The function &apos;testTabPageTitleCase3_data&apos; is never used." verbose="The function &apos;testTabPageTitleCase3_data&apos; is never used." cwe="561">
            <location file="BB-027-GuiFacilities/FWQ/internal/test/UnitTest/TabWidgetUnitTest.cpp" line="205"/>
        </error>
        <error id="unusedFunction" severity="style" msg="The function &apos;testToString&apos; is never used." verbose="The function &apos;testToString&apos; is never used." cwe="561">
            <location file="BB-027-GuiFacilities/FWQ/internal/test/UnitTest/SUIDragModeEnumUnitTest.cpp" line="11"/>
        </error>
        <error id="unusedFunction" severity="style" msg="The function &apos;testToString2&apos; is never used." verbose="The function &apos;testToString2&apos; is never used." cwe="561">
            <location file="BB-027-GuiFacilities/FWQ/internal/test/UnitTest/SUIOrientationEnumUnitTest.cpp" line="20"/>
        </error>
        <error id="unusedFunction" severity="style" msg="The function &apos;testUnsigned&apos; is never used." verbose="The function &apos;testUnsigned&apos; is never used." cwe="561">
            <location file="BB-027-GuiFacilities/FWQ/internal/test/UnitTest/SUIINumericUnitTest.cpp" line="138"/>
        </error>
        <error id="unusedFunction" severity="style" msg="The function &apos;testVisibilityCase1&apos; is never used." verbose="The function &apos;testVisibilityCase1&apos; is never used." cwe="561">
            <location file="BB-027-GuiFacilities/FWQ/internal/test/UnitTest/DropDownUnitTest.cpp" line="334"/>
        </error>
        <error id="unusedFunction" severity="style" msg="The function &apos;testVisibilityCase1_data&apos; is never used." verbose="The function &apos;testVisibilityCase1_data&apos; is never used." cwe="561">
            <location file="BB-027-GuiFacilities/FWQ/internal/test/UnitTest/DropDownUnitTest.cpp" line="341"/>
        </error>
        <error id="unusedFunction" severity="style" msg="The function &apos;testVisibilityCase2&apos; is never used." verbose="The function &apos;testVisibilityCase2&apos; is never used." cwe="561">
            <location file="BB-027-GuiFacilities/FWQ/internal/test/UnitTest/DropDownUnitTest.cpp" line="32"/>
        </error>
        <error id="unusedFunction" severity="style" msg="The function &apos;testVisibilityCase2_data&apos; is never used." verbose="The function &apos;testVisibilityCase2_data&apos; is never used." cwe="561">
            <location file="BB-027-GuiFacilities/FWQ/internal/test/UnitTest/DropDownUnitTest.cpp" line="39"/>
        </error>
        <error id="unusedFunction" severity="style" msg="The function &apos;testWidthCase1&apos; is never used." verbose="The function &apos;testWidthCase1&apos; is never used." cwe="561">
            <location file="BB-027-GuiFacilities/FWQ/internal/test/UnitTest/DropDownUnitTest.cpp" line="262"/>
        </error>
        <error id="unusedFunction" severity="style" msg="The function &apos;testWidthCase1_data&apos; is never used." verbose="The function &apos;testWidthCase1_data&apos; is never used." cwe="561">
            <location file="BB-027-GuiFacilities/FWQ/internal/test/UnitTest/DropDownUnitTest.cpp" line="269"/>
        </error>
        <error id="unusedFunction" severity="style" msg="The function &apos;testWidthCase2&apos; is never used." verbose="The function &apos;testWidthCase2&apos; is never used." cwe="561">
            <location file="BB-027-GuiFacilities/FWQ/internal/test/UnitTest/DropDownUnitTest.cpp" line="275"/>
        </error>
        <error id="unusedFunction" severity="style" msg="The function &apos;testWidthCase2_data&apos; is never used." verbose="The function &apos;testWidthCase2_data&apos; is never used." cwe="561">
            <location file="BB-027-GuiFacilities/FWQ/internal/test/UnitTest/DropDownUnitTest.cpp" line="282"/>
        </error>
        <error id="unusedFunction" severity="style" msg="The function &apos;testchangeWindowNameCase1&apos; is never used." verbose="The function &apos;testchangeWindowNameCase1&apos; is never used." cwe="561">
            <location file="BB-027-GuiFacilities/FWQ/internal/test/UnitTest/DialogUnitTest.cpp" line="19"/>
        </error>
        <error id="unusedFunction" severity="style" msg="The function &apos;testchangeWindowNameCase1_data&apos; is never used." verbose="The function &apos;testchangeWindowNameCase1_data&apos; is never used." cwe="561">
            <location file="BB-027-GuiFacilities/FWQ/internal/test/UnitTest/DialogUnitTest.cpp" line="27"/>
        </error>
        <error id="unusedFunction" severity="style" msg="The function &apos;testchangeWindowNameCase2&apos; is never used." verbose="The function &apos;testchangeWindowNameCase2&apos; is never used." cwe="561">
            <location file="BB-027-GuiFacilities/FWQ/internal/test/UnitTest/DialogUnitTest.cpp" line="33"/>
        </error>
        <error id="unusedFunction" severity="style" msg="The function &apos;testchangeWindowNameCase2_data&apos; is never used." verbose="The function &apos;testchangeWindowNameCase2_data&apos; is never used." cwe="561">
            <location file="BB-027-GuiFacilities/FWQ/internal/test/UnitTest/DialogUnitTest.cpp" line="42"/>
        </error>
        <error id="unusedFunction" severity="style" msg="The function &apos;testgetCurrentIndexCase1&apos; is never used." verbose="The function &apos;testgetCurrentIndexCase1&apos; is never used." cwe="561">
            <location file="BB-027-GuiFacilities/FWQ/internal/test/UnitTest/TabWidgetUnitTest.cpp" line="159"/>
        </error>
        <error id="unusedFunction" severity="style" msg="The function &apos;testgetCurrentIndexCase1_data&apos; is never used." verbose="The function &apos;testgetCurrentIndexCase1_data&apos; is never used." cwe="561">
            <location file="BB-027-GuiFacilities/FWQ/internal/test/UnitTest/TabWidgetUnitTest.cpp" line="167"/>
        </error>
        <error id="unusedFunction" severity="style" msg="The function &apos;testgetFileExtension&apos; is never used." verbose="The function &apos;testgetFileExtension&apos; is never used." cwe="561">
            <location file="BB-027-GuiFacilities/FWQ/internal/test/UnitTest/SUIImageEnumUnitTest.cpp" line="11"/>
        </error>
        <error id="unusedFunction" severity="style" msg="The function &apos;testsetOrientationCase1&apos; is never used." verbose="The function &apos;testsetOrientationCase1&apos; is never used." cwe="561">
            <location file="BB-027-GuiFacilities/FWQ/internal/test/UnitTest/ProgressBarUnitTest.cpp" line="178"/>
        </error>
        <error id="unusedFunction" severity="style" msg="The function &apos;testsetOrientationCase1_data&apos; is never used." verbose="The function &apos;testsetOrientationCase1_data&apos; is never used." cwe="561">
            <location file="BB-027-GuiFacilities/FWQ/internal/test/UnitTest/ProgressBarUnitTest.cpp" line="193"/>
        </error>
        <error id="unusedFunction" severity="style" msg="The function &apos;testsetOrientationCase2&apos; is never used." verbose="The function &apos;testsetOrientationCase2&apos; is never used." cwe="561">
            <location file="BB-027-GuiFacilities/FWQ/internal/test/UnitTest/ProgressBarUnitTest.cpp" line="331"/>
        </error>
        <error id="unusedFunction" severity="style" msg="The function &apos;testsetOrientationCase2_data&apos; is never used." verbose="The function &apos;testsetOrientationCase2_data&apos; is never used." cwe="561">
            <location file="BB-027-GuiFacilities/FWQ/internal/test/UnitTest/ProgressBarUnitTest.cpp" line="346"/>
        </error>
        <error id="missingInclude" severity="information" msg="Cppcheck cannot find all the include files (use --check-config for details)" verbose="Cppcheck cannot find all the include files. Cppcheck can check the code without the include files found. But the results will probably be more accurate if all the include files are found. Please check your project&apos;s include directories and add all of them as include directories for Cppcheck. To see what files Cppcheck cannot find use --check-config."/>
    </errors>
</results>
